date_forecast,series,value,target,target_period
2020-07-01,forecast,-7.75328778545019,x_vol_world2,2020-09-01
2020-08-01,forecast,2.29291127975278,x_vol_world2,2020-09-01
2020-08-07,forecast,4.66351484422182,x_vol_world2,2020-09-01
2020-08-16,forecast,8.83891166047589,x_vol_world2,2020-09-01
2020-08-25,forecast,7.99400039002765,x_vol_world2,2020-09-01
2020-09-01,forecast,9.66679627784234,x_vol_world2,2020-09-01
2020-09-08,forecast,9.49655140436037,x_vol_world2,2020-09-01
2020-09-15,forecast,9.00172657724165,x_vol_world2,2020-09-01
2020-07-01,impact_revisions,0,x_vol_world2,2020-09-01
2020-08-01,impact_revisions,0,x_vol_world2,2020-09-01
2020-08-07,impact_revisions,-0.057599481646874,x_vol_world2,2020-09-01
2020-08-16,impact_revisions,-0.052597311239858,x_vol_world2,2020-09-01
2020-08-25,impact_revisions,0.003432193021342,x_vol_world2,2020-09-01
2020-09-01,impact_revisions,-0.025916408349554,x_vol_world2,2020-09-01
2020-09-08,impact_revisions,0.03660540252247,x_vol_world2,2020-09-01
2020-09-15,impact_revisions,0,x_vol_world2,2020-09-01
2020-07-01,bci_nl,0.003964489049818,x_vol_world2,2020-09-01
2020-08-01,bci_nl,0.025889346402432,x_vol_world2,2020-09-01
2020-08-07,bci_nl,0.018329165640035,x_vol_world2,2020-09-01
2020-08-16,bci_nl,NA,x_vol_world2,2020-09-01
2020-08-25,bci_nl,NA,x_vol_world2,2020-09-01
2020-09-01,bci_nl,NA,x_vol_world2,2020-09-01
2020-09-08,bci_nl,0.006336318329236,x_vol_world2,2020-09-01
2020-09-15,bci_nl,NA,x_vol_world2,2020-09-01
2020-07-01,x_vol_jp,-0.061232674864646,x_vol_world2,2020-09-01
2020-08-01,x_vol_jp,0.161611365827356,x_vol_world2,2020-09-01
2020-08-07,x_vol_jp,NA,x_vol_world2,2020-09-01
2020-08-16,x_vol_jp,NA,x_vol_world2,2020-09-01
2020-08-25,x_vol_jp,NA,x_vol_world2,2020-09-01
2020-09-01,x_vol_jp,-0.274091286875232,x_vol_world2,2020-09-01
2020-09-08,x_vol_jp,NA,x_vol_world2,2020-09-01
2020-09-15,x_vol_jp,NA,x_vol_world2,2020-09-01
2020-07-01,x_jp,0.393703365442052,x_vol_world2,2020-09-01
2020-08-01,x_jp,0.9684533749925,x_vol_world2,2020-09-01
2020-08-07,x_jp,NA,x_vol_world2,2020-09-01
2020-08-16,x_jp,NA,x_vol_world2,2020-09-01
2020-08-25,x_jp,-0.251496787981151,x_vol_world2,2020-09-01
2020-09-01,x_jp,NA,x_vol_world2,2020-09-01
2020-09-08,x_jp,NA,x_vol_world2,2020-09-01
2020-09-15,x_jp,NA,x_vol_world2,2020-09-01
2020-07-01,manuf_ba_conf_pl,0.942793314770674,x_vol_world2,2020-09-01
2020-08-01,manuf_ba_conf_pl,2.39191239597123,x_vol_world2,2020-09-01
2020-08-07,manuf_ba_conf_pl,1.37859612538379,x_vol_world2,2020-09-01
2020-08-16,manuf_ba_conf_pl,NA,x_vol_world2,2020-09-01
2020-08-25,manuf_ba_conf_pl,NA,x_vol_world2,2020-09-01
2020-09-01,manuf_ba_conf_pl,0.186865420900618,x_vol_world2,2020-09-01
2020-09-08,manuf_ba_conf_pl,NA,x_vol_world2,2020-09-01
2020-09-15,manuf_ba_conf_pl,NA,x_vol_world2,2020-09-01
2020-07-01,manuf_orders_nl,-0.358351771395537,x_vol_world2,2020-09-01
2020-08-01,manuf_orders_nl,-0.147175265875467,x_vol_world2,2020-09-01
2020-08-07,manuf_orders_nl,0.521982178019592,x_vol_world2,2020-09-01
2020-08-16,manuf_orders_nl,NA,x_vol_world2,2020-09-01
2020-08-25,manuf_orders_nl,-0.35264410679308,x_vol_world2,2020-09-01
2020-09-01,manuf_orders_nl,0.344640360984811,x_vol_world2,2020-09-01
2020-09-08,manuf_orders_nl,NA,x_vol_world2,2020-09-01
2020-09-15,manuf_orders_nl,NA,x_vol_world2,2020-09-01
2020-07-01,ipi_mx,-1.17126446349372,x_vol_world2,2020-09-01
2020-08-01,ipi_mx,-0.282214382712351,x_vol_world2,2020-09-01
2020-08-07,ipi_mx,NA,x_vol_world2,2020-09-01
2020-08-16,ipi_mx,3.30836115478934,x_vol_world2,2020-09-01
2020-08-25,ipi_mx,NA,x_vol_world2,2020-09-01
2020-09-01,ipi_mx,NA,x_vol_world2,2020-09-01
2020-09-08,ipi_mx,NA,x_vol_world2,2020-09-01
2020-09-15,ipi_mx,NA,x_vol_world2,2020-09-01
2020-07-01,manuf_orders_us_2,-0.232674999941294,x_vol_world2,2020-09-01
2020-08-01,manuf_orders_us_2,0.627252072729574,x_vol_world2,2020-09-01
2020-08-07,manuf_orders_us_2,0.814671323749345,x_vol_world2,2020-09-01
2020-08-16,manuf_orders_us_2,NA,x_vol_world2,2020-09-01
2020-08-25,manuf_orders_us_2,NA,x_vol_world2,2020-09-01
2020-09-01,manuf_orders_us_2,NA,x_vol_world2,2020-09-01
2020-09-08,manuf_orders_us_2,0.100303445098349,x_vol_world2,2020-09-01
2020-09-15,manuf_orders_us_2,NA,x_vol_world2,2020-09-01
2020-07-01,container_index,0.190137488565711,x_vol_world2,2020-09-01
2020-08-01,container_index,0.208379474179326,x_vol_world2,2020-09-01
2020-08-07,container_index,0.214850598415553,x_vol_world2,2020-09-01
2020-08-16,container_index,NA,x_vol_world2,2020-09-01
2020-08-25,container_index,NA,x_vol_world2,2020-09-01
2020-09-01,container_index,0.325019859299604,x_vol_world2,2020-09-01
2020-09-08,container_index,NA,x_vol_world2,2020-09-01
2020-09-15,container_index,NA,x_vol_world2,2020-09-01
2020-07-01,x_vol_ema,0.013893726674707,x_vol_world2,2020-09-01
2020-08-01,x_vol_ema,0.362173348296271,x_vol_world2,2020-09-01
2020-08-07,x_vol_ema,NA,x_vol_world2,2020-09-01
2020-08-16,x_vol_ema,NA,x_vol_world2,2020-09-01
2020-08-25,x_vol_ema,NA,x_vol_world2,2020-09-01
2020-09-01,x_vol_ema,-0.069135553971693,x_vol_world2,2020-09-01
2020-09-08,x_vol_ema,NA,x_vol_world2,2020-09-01
2020-09-15,x_vol_ema,NA,x_vol_world2,2020-09-01
2020-07-01,rti_val_us,-0.58775349135921,x_vol_world2,2020-09-01
2020-08-01,rti_val_us,1.47708602466904,x_vol_world2,2020-09-01
2020-08-07,rti_val_us,NA,x_vol_world2,2020-09-01
2020-08-16,rti_val_us,NA,x_vol_world2,2020-09-01
2020-08-25,rti_val_us,NA,x_vol_world2,2020-09-01
2020-09-01,rti_val_us,0.646116224413164,x_vol_world2,2020-09-01
2020-09-08,rti_val_us,NA,x_vol_world2,2020-09-01
2020-09-15,rti_val_us,NA,x_vol_world2,2020-09-01
2020-07-01,x_it,-0.372498504816818,x_vol_world2,2020-09-01
2020-08-01,x_it,0.525587139376418,x_vol_world2,2020-09-01
2020-08-07,x_it,NA,x_vol_world2,2020-09-01
2020-08-16,x_it,1.02721767176462,x_vol_world2,2020-09-01
2020-08-25,x_it,NA,x_vol_world2,2020-09-01
2020-09-01,x_it,NA,x_vol_world2,2020-09-01
2020-09-08,x_it,NA,x_vol_world2,2020-09-01
2020-09-15,x_it,NA,x_vol_world2,2020-09-01
2020-07-01,container_sg,-0.077266087530036,x_vol_world2,2020-09-01
2020-08-01,container_sg,0.684060051501412,x_vol_world2,2020-09-01
2020-08-07,container_sg,NA,x_vol_world2,2020-09-01
2020-08-16,container_sg,-0.111066252178063,x_vol_world2,2020-09-01
2020-08-25,container_sg,NA,x_vol_world2,2020-09-01
2020-09-01,container_sg,NA,x_vol_world2,2020-09-01
2020-09-08,container_sg,NA,x_vol_world2,2020-09-01
2020-09-15,container_sg,NA,x_vol_world2,2020-09-01
2020-07-01,x_kr,0.714219924811887,x_vol_world2,2020-09-01
2020-08-01,x_kr,1.76860451801781,x_vol_world2,2020-09-01
2020-08-07,x_kr,NA,x_vol_world2,2020-09-01
2020-08-16,x_kr,NA,x_vol_world2,2020-09-01
2020-08-25,x_kr,-0.244402239248799,x_vol_world2,2020-09-01
2020-09-01,x_kr,NA,x_vol_world2,2020-09-01
2020-09-08,x_kr,NA,x_vol_world2,2020-09-01
2020-09-15,x_kr,-0.49482482711872,x_vol_world2,2020-09-01
2020-07-01,rti_vol_us,-0.46873848138449,x_vol_world2,2020-09-01
2020-08-01,rti_vol_us,1.13307711722675,x_vol_world2,2020-09-01
2020-08-07,rti_vol_us,NA,x_vol_world2,2020-09-01
2020-08-16,rti_vol_us,NA,x_vol_world2,2020-09-01
2020-08-25,rti_vol_us,NA,x_vol_world2,2020-09-01
2020-09-01,rti_vol_us,0.539297271412976,x_vol_world2,2020-09-01
2020-09-08,rti_vol_us,NA,x_vol_world2,2020-09-01
2020-09-15,rti_vol_us,NA,x_vol_world2,2020-09-01
2020-07-01,x_servs_jp,-0.036089695801338,x_vol_world2,2020-09-01
2020-08-01,x_servs_jp,0.141000685093401,x_vol_world2,2020-09-01
2020-08-07,x_servs_jp,NA,x_vol_world2,2020-09-01
2020-08-16,x_servs_jp,0.003481553118033,x_vol_world2,2020-09-01
2020-08-25,x_servs_jp,NA,x_vol_world2,2020-09-01
2020-09-01,x_servs_jp,NA,x_vol_world2,2020-09-01
2020-09-08,x_servs_jp,-0.313490039432025,x_vol_world2,2020-09-01
2020-09-15,x_servs_jp,NA,x_vol_world2,2020-09-01
2020-07-01,x_vol_world2,NA,x_vol_world2,2020-09-01
2020-08-01,x_vol_world2,7.49934072053588E-05,x_vol_world2,2020-09-01
2020-08-07,x_vol_world2,NA,x_vol_world2,2020-09-01
2020-08-16,x_vol_world2,NA,x_vol_world2,2020-09-01
2020-08-25,x_vol_world2,2.5912324526071E-05,x_vol_world2,2020-09-01
2020-09-01,x_vol_world2,NA,x_vol_world2,2020-09-01
2020-09-08,x_vol_world2,NA,x_vol_world2,2020-09-01
2020-09-15,x_vol_world2,NA,x_vol_world2,2020-09-01
2020-07-01,x_world,NA,x_vol_world2,2020-09-01
2020-08-01,x_world,0.000426806100036,x_vol_world2,2020-09-01
2020-08-07,x_world,NA,x_vol_world2,2020-09-01
2020-08-16,x_world,NA,x_vol_world2,2020-09-01
2020-08-25,x_world,0.000173758228913,x_vol_world2,2020-09-01
2020-09-01,x_world,NA,x_vol_world2,2020-09-01
2020-09-08,x_world,NA,x_vol_world2,2020-09-01
2020-09-15,x_world,NA,x_vol_world2,2020-09-01
2020-07-01,forecast,-18.2174951965196,x_world,2020-09-01
2020-08-01,forecast,-7.7991434644882,x_world,2020-09-01
2020-08-07,forecast,3.90205362408128,x_world,2020-09-01
2020-08-16,forecast,10.4667284912077,x_world,2020-09-01
2020-08-25,forecast,8.14073484277847,x_world,2020-09-01
2020-09-01,forecast,13.6910050015262,x_world,2020-09-01
2020-09-08,forecast,14.1330475854562,x_world,2020-09-01
2020-09-15,forecast,13.8744828958866,x_world,2020-09-01
2020-07-01,impact_revisions,0,x_world,2020-09-01
2020-08-01,impact_revisions,0,x_world,2020-09-01
2020-08-07,impact_revisions,1.35067046550234,x_world,2020-09-01
2020-08-16,impact_revisions,1.02048272270478,x_world,2020-09-01
2020-08-25,impact_revisions,0.009799077324471,x_world,2020-09-01
2020-09-01,impact_revisions,-0.074796285674206,x_world,2020-09-01
2020-09-08,impact_revisions,0.234766276658863,x_world,2020-09-01
2020-09-15,impact_revisions,0.004933053839426,x_world,2020-09-01
2020-07-01,ipi_de,-0.009909858458215,x_world,2020-09-01
2020-08-01,ipi_de,0.006747431090673,x_world,2020-09-01
2020-08-07,ipi_de,NA,x_world,2020-09-01
2020-08-16,ipi_de,0.008084648217828,x_world,2020-09-01
2020-08-25,ipi_de,NA,x_world,2020-09-01
2020-09-01,ipi_de,NA,x_world,2020-09-01
2020-09-08,ipi_de,NA,x_world,2020-09-01
2020-09-15,ipi_de,8.87029931159626E-05,x_world,2020-09-01
2020-07-01,x_it,-2.60552928264764,x_world,2020-09-01
2020-08-01,x_it,1.88452088761717,x_world,2020-09-01
2020-08-07,x_it,NA,x_world,2020-09-01
2020-08-16,x_it,3.5778841857729,x_world,2020-09-01
2020-08-25,x_it,NA,x_world,2020-09-01
2020-09-01,x_it,NA,x_world,2020-09-01
2020-09-08,x_it,NA,x_world,2020-09-01
2020-09-15,x_it,NA,x_world,2020-09-01
2020-07-01,ipi_ru,-0.45760206672135,x_world,2020-09-01
2020-08-01,ipi_ru,0.380979507258151,x_world,2020-09-01
2020-08-07,ipi_ru,0.495170090986389,x_world,2020-09-01
2020-08-16,ipi_ru,NA,x_world,2020-09-01
2020-08-25,ipi_ru,NA,x_world,2020-09-01
2020-09-01,ipi_ru,NA,x_world,2020-09-01
2020-09-08,ipi_ru,-0.068559337021691,x_world,2020-09-01
2020-09-15,ipi_ru,NA,x_world,2020-09-01
2020-07-01,x_br,0.106801883556232,x_world,2020-09-01
2020-08-01,x_br,-0.0084692467047,x_world,2020-09-01
2020-08-07,x_br,NA,x_world,2020-09-01
2020-08-16,x_br,0.052089983112426,x_world,2020-09-01
2020-08-25,x_br,NA,x_world,2020-09-01
2020-09-01,x_br,NA,x_world,2020-09-01
2020-09-08,x_br,NA,x_world,2020-09-01
2020-09-15,x_br,-0.068056526657366,x_world,2020-09-01
2020-07-01,x_vol_ez,-0.012687788679373,x_world,2020-09-01
2020-08-01,x_vol_ez,0.008029146163426,x_world,2020-09-01
2020-08-07,x_vol_ez,NA,x_world,2020-09-01
2020-08-16,x_vol_ez,NA,x_world,2020-09-01
2020-08-25,x_vol_ez,NA,x_world,2020-09-01
2020-09-01,x_vol_ez,0.005693307852131,x_world,2020-09-01
2020-09-08,x_vol_ez,NA,x_world,2020-09-01
2020-09-15,x_vol_ez,NA,x_world,2020-09-01
2020-07-01,rti_vol_fr,-0.922983357739338,x_world,2020-09-01
2020-08-01,rti_vol_fr,0.86339553053189,x_world,2020-09-01
2020-08-07,rti_vol_fr,1.39624409258486,x_world,2020-09-01
2020-08-16,rti_vol_fr,NA,x_world,2020-09-01
2020-08-25,rti_vol_fr,NA,x_world,2020-09-01
2020-09-01,rti_vol_fr,0.210820217049056,x_world,2020-09-01
2020-09-08,rti_vol_fr,NA,x_world,2020-09-01
2020-09-15,rti_vol_fr,NA,x_world,2020-09-01
2020-07-01,constr_ca,-0.530966537112923,x_world,2020-09-01
2020-08-01,constr_ca,-1.60031263237397,x_world,2020-09-01
2020-08-07,constr_ca,3.84816681531435,x_world,2020-09-01
2020-08-16,constr_ca,NA,x_world,2020-09-01
2020-08-25,constr_ca,NA,x_world,2020-09-01
2020-09-01,constr_ca,1.06392206360932,x_world,2020-09-01
2020-09-08,constr_ca,NA,x_world,2020-09-01
2020-09-15,constr_ca,NA,x_world,2020-09-01
2020-07-01,x_nl,-0.437159636768828,x_world,2020-09-01
2020-08-01,x_nl,0.814297215973676,x_world,2020-09-01
2020-08-07,x_nl,NA,x_world,2020-09-01
2020-08-16,x_nl,1.36948896056687,x_world,2020-09-01
2020-08-25,x_nl,NA,x_world,2020-09-01
2020-09-01,x_nl,NA,x_world,2020-09-01
2020-09-08,x_nl,NA,x_world,2020-09-01
2020-09-15,x_nl,NA,x_world,2020-09-01
2020-07-01,bci_nl,7.37772240200735,x_world,2020-09-01
2020-08-01,bci_nl,7.97508908114737,x_world,2020-09-01
2020-08-07,bci_nl,4.61094562418154,x_world,2020-09-01
2020-08-16,bci_nl,NA,x_world,2020-09-01
2020-08-25,bci_nl,NA,x_world,2020-09-01
2020-09-01,bci_nl,NA,x_world,2020-09-01
2020-09-08,bci_nl,0.275835644292839,x_world,2020-09-01
2020-09-15,bci_nl,NA,x_world,2020-09-01
2020-07-01,x_servs_ez,-0.262178984024918,x_world,2020-09-01
2020-08-01,x_servs_ez,-0.026378648245401,x_world,2020-09-01
2020-08-07,x_servs_ez,NA,x_world,2020-09-01
2020-08-16,x_servs_ez,NA,x_world,2020-09-01
2020-08-25,x_servs_ez,0.040982938047252,x_world,2020-09-01
2020-09-01,x_servs_ez,NA,x_world,2020-09-01
2020-09-08,x_servs_ez,NA,x_world,2020-09-01
2020-09-15,x_servs_ez,NA,x_world,2020-09-01
2020-07-01,x_jp,0.397033305483236,x_world,2020-09-01
2020-08-01,x_jp,0.876160321012515,x_world,2020-09-01
2020-08-07,x_jp,NA,x_world,2020-09-01
2020-08-16,x_jp,NA,x_world,2020-09-01
2020-08-25,x_jp,0.045257424810807,x_world,2020-09-01
2020-09-01,x_jp,NA,x_world,2020-09-01
2020-09-08,x_jp,NA,x_world,2020-09-01
2020-09-15,x_jp,NA,x_world,2020-09-01
2020-07-01,air_freight_hkg,0.542595344073332,x_world,2020-09-01
2020-08-01,air_freight_hkg,0.415907738296995,x_world,2020-09-01
2020-08-07,air_freight_hkg,NA,x_world,2020-09-01
2020-08-16,air_freight_hkg,-0.206305308701853,x_world,2020-09-01
2020-08-25,air_freight_hkg,NA,x_world,2020-09-01
2020-09-01,air_freight_hkg,NA,x_world,2020-09-01
2020-09-08,air_freight_hkg,NA,x_world,2020-09-01
2020-09-15,air_freight_hkg,-0.195529919744768,x_world,2020-09-01
2020-07-01,bci_jp,-1.43342128129477,x_world,2020-09-01
2020-08-01,bci_jp,-0.848052061512766,x_world,2020-09-01
2020-08-07,bci_jp,NA,x_world,2020-09-01
2020-08-16,bci_jp,NA,x_world,2020-09-01
2020-08-25,bci_jp,NA,x_world,2020-09-01
2020-09-01,bci_jp,NA,x_world,2020-09-01
2020-09-08,bci_jp,NA,x_world,2020-09-01
2020-09-15,bci_jp,NA,x_world,2020-09-01
2020-07-01,export_orders_de,0.087458051566847,x_world,2020-09-01
2020-08-01,export_orders_de,0.404759051212267,x_world,2020-09-01
2020-08-07,export_orders_de,NA,x_world,2020-09-01
2020-08-16,export_orders_de,0.7429496754535,x_world,2020-09-01
2020-08-25,export_orders_de,NA,x_world,2020-09-01
2020-09-01,export_orders_de,0.468523881229003,x_world,2020-09-01
2020-09-08,export_orders_de,NA,x_world,2020-09-01
2020-09-15,export_orders_de,NA,x_world,2020-09-01
2020-07-01,x_vol_cis,-0.042695897187123,x_world,2020-09-01
2020-08-01,x_vol_cis,-0.061393576550596,x_world,2020-09-01
2020-08-07,x_vol_cis,NA,x_world,2020-09-01
2020-08-16,x_vol_cis,NA,x_world,2020-09-01
2020-08-25,x_vol_cis,NA,x_world,2020-09-01
2020-09-01,x_vol_cis,-0.179141833654744,x_world,2020-09-01
2020-09-08,x_vol_cis,NA,x_world,2020-09-01
2020-09-15,x_vol_cis,NA,x_world,2020-09-01
2020-07-01,x_world,NA,x_world,2020-09-01
2020-08-01,x_world,1.90611737425491,x_world,2020-09-01
2020-08-07,x_world,NA,x_world,2020-09-01
2020-08-16,x_world,NA,x_world,2020-09-01
2020-08-25,x_world,0.924598146723205,x_world,2020-09-01
2020-09-01,x_world,NA,x_world,2020-09-01
2020-09-08,x_world,NA,x_world,2020-09-01
2020-09-15,x_world,NA,x_world,2020-09-01
2020-07-01,fc_x_us,NA,x_world,2020-09-01
2020-08-01,fc_x_us,-2.57304538714037,x_world,2020-09-01
2020-08-07,fc_x_us,NA,x_world,2020-09-01
2020-08-16,fc_x_us,NA,x_world,2020-09-01
2020-08-25,fc_x_us,-3.34663123533502,x_world,2020-09-01
2020-09-01,fc_x_us,4.05524880833721,x_world,2020-09-01
2020-09-08,fc_x_us,NA,x_world,2020-09-01
2020-09-15,fc_x_us,NA,x_world,2020-09-01
2020-07-01,forecast,-6.37075587951251,x_servs_world,2020-09-01
2020-08-01,forecast,5.64312098388282,x_servs_world,2020-09-01
2020-08-07,forecast,12.1074711867728,x_servs_world,2020-09-01
2020-08-16,forecast,17.8072246373679,x_servs_world,2020-09-01
2020-08-25,forecast,12.9339040058509,x_servs_world,2020-09-01
2020-09-01,forecast,15.0635194699352,x_servs_world,2020-09-01
2020-09-08,forecast,14.5803461932216,x_servs_world,2020-09-01
2020-09-15,forecast,14.8988532053518,x_servs_world,2020-09-01
2020-07-01,impact_revisions,0,x_servs_world,2020-09-01
2020-08-01,impact_revisions,0,x_servs_world,2020-09-01
2020-08-07,impact_revisions,0.872142119570375,x_servs_world,2020-09-01
2020-08-16,impact_revisions,3.37882852340552,x_servs_world,2020-09-01
2020-08-25,impact_revisions,-0.269360815876071,x_servs_world,2020-09-01
2020-09-01,impact_revisions,-0.07200143718305,x_servs_world,2020-09-01
2020-09-08,impact_revisions,0.134229961876894,x_servs_world,2020-09-01
2020-09-15,impact_revisions,0.063976568521829,x_servs_world,2020-09-01
2020-07-01,x_nl,-5.71810067686035E-05,x_servs_world,2020-09-01
2020-08-01,x_nl,0.001551499189162,x_servs_world,2020-09-01
2020-08-07,x_nl,NA,x_servs_world,2020-09-01
2020-08-16,x_nl,0.00074278553624,x_servs_world,2020-09-01
2020-08-25,x_nl,NA,x_servs_world,2020-09-01
2020-09-01,x_nl,NA,x_servs_world,2020-09-01
2020-09-08,x_nl,NA,x_servs_world,2020-09-01
2020-09-15,x_nl,NA,x_servs_world,2020-09-01
2020-07-01,x_servs_us,-0.002479353530369,x_servs_world,2020-09-01
2020-08-01,x_servs_us,0.001205282875099,x_servs_world,2020-09-01
2020-08-07,x_servs_us,0.00027583907138,x_servs_world,2020-09-01
2020-08-16,x_servs_us,NA,x_servs_world,2020-09-01
2020-08-25,x_servs_us,NA,x_servs_world,2020-09-01
2020-09-01,x_servs_us,NA,x_servs_world,2020-09-01
2020-09-08,x_servs_us,-0.001168984059974,x_servs_world,2020-09-01
2020-09-15,x_servs_us,NA,x_servs_world,2020-09-01
2020-07-01,p_manuf,0.062524447729901,x_servs_world,2020-09-01
2020-08-01,p_manuf,0.14564386018022,x_servs_world,2020-09-01
2020-08-07,p_manuf,NA,x_servs_world,2020-09-01
2020-08-16,p_manuf,NA,x_servs_world,2020-09-01
2020-08-25,p_manuf,NA,x_servs_world,2020-09-01
2020-09-01,p_manuf,0.00832409815877,x_servs_world,2020-09-01
2020-09-08,p_manuf,NA,x_servs_world,2020-09-01
2020-09-15,p_manuf,NA,x_servs_world,2020-09-01
2020-07-01,bci_nl,10.5545633570818,x_servs_world,2020-09-01
2020-08-01,bci_nl,6.35964049983836,x_servs_world,2020-09-01
2020-08-07,bci_nl,0.168457696198296,x_servs_world,2020-09-01
2020-08-16,bci_nl,NA,x_servs_world,2020-09-01
2020-08-25,bci_nl,NA,x_servs_world,2020-09-01
2020-09-01,bci_nl,NA,x_servs_world,2020-09-01
2020-09-08,bci_nl,-0.510244156068096,x_servs_world,2020-09-01
2020-09-15,bci_nl,NA,x_servs_world,2020-09-01
2020-07-01,manuf_orders_us_2,-0.156930101327152,x_servs_world,2020-09-01
2020-08-01,manuf_orders_us_2,0.686734074571314,x_servs_world,2020-09-01
2020-08-07,manuf_orders_us_2,0.816424848748875,x_servs_world,2020-09-01
2020-08-16,manuf_orders_us_2,NA,x_servs_world,2020-09-01
2020-08-25,manuf_orders_us_2,NA,x_servs_world,2020-09-01
2020-09-01,manuf_orders_us_2,NA,x_servs_world,2020-09-01
2020-09-08,manuf_orders_us_2,-0.10624622041552,x_servs_world,2020-09-01
2020-09-15,manuf_orders_us_2,NA,x_servs_world,2020-09-01
2020-07-01,rti_val_fr,-0.83976910922977,x_servs_world,2020-09-01
2020-08-01,rti_val_fr,1.07884486953498,x_servs_world,2020-09-01
2020-08-07,rti_val_fr,1.9577737613388,x_servs_world,2020-09-01
2020-08-16,rti_val_fr,NA,x_servs_world,2020-09-01
2020-08-25,rti_val_fr,NA,x_servs_world,2020-09-01
2020-09-01,rti_val_fr,0.255916557679904,x_servs_world,2020-09-01
2020-09-08,rti_val_fr,NA,x_servs_world,2020-09-01
2020-09-15,rti_val_fr,NA,x_servs_world,2020-09-01
2020-07-01,ipi_jp,-0.000140499896207,x_servs_world,2020-09-01
2020-08-01,ipi_jp,-0.000112447195191,x_servs_world,2020-09-01
2020-08-07,ipi_jp,0.000635471856629,x_servs_world,2020-09-01
2020-08-16,ipi_jp,NA,x_servs_world,2020-09-01
2020-08-25,ipi_jp,NA,x_servs_world,2020-09-01
2020-09-01,ipi_jp,0.000244351939889,x_servs_world,2020-09-01
2020-09-08,ipi_jp,NA,x_servs_world,2020-09-01
2020-09-15,ipi_jp,NA,x_servs_world,2020-09-01
2020-07-01,manuf_emp_fut_it,1.66070123909066,x_servs_world,2020-09-01
2020-08-01,manuf_emp_fut_it,1.01313418125769,x_servs_world,2020-09-01
2020-08-07,manuf_emp_fut_it,NA,x_servs_world,2020-09-01
2020-08-16,manuf_emp_fut_it,NA,x_servs_world,2020-09-01
2020-08-25,manuf_emp_fut_it,NA,x_servs_world,2020-09-01
2020-09-01,manuf_emp_fut_it,-0.267708264306869,x_servs_world,2020-09-01
2020-09-08,manuf_emp_fut_it,NA,x_servs_world,2020-09-01
2020-09-15,manuf_emp_fut_it,NA,x_servs_world,2020-09-01
2020-07-01,ipi_eu27,-1.67946513675081,x_servs_world,2020-09-01
2020-08-01,ipi_eu27,1.47301255030869,x_servs_world,2020-09-01
2020-08-07,ipi_eu27,NA,x_servs_world,2020-09-01
2020-08-16,ipi_eu27,2.35437676232705,x_servs_world,2020-09-01
2020-08-25,ipi_eu27,NA,x_servs_world,2020-09-01
2020-09-01,ipi_eu27,NA,x_servs_world,2020-09-01
2020-09-08,ipi_eu27,NA,x_servs_world,2020-09-01
2020-09-15,ipi_eu27,0.265165473573424,x_servs_world,2020-09-01
2020-07-01,x_vol_ez,-1.24064316493935,x_servs_world,2020-09-01
2020-08-01,x_vol_ez,0.882517834020072,x_servs_world,2020-09-01
2020-08-07,x_vol_ez,NA,x_servs_world,2020-09-01
2020-08-16,x_vol_ez,NA,x_servs_world,2020-09-01
2020-08-25,x_vol_ez,NA,x_servs_world,2020-09-01
2020-09-01,x_vol_ez,0.804291056189792,x_servs_world,2020-09-01
2020-09-08,x_vol_ez,NA,x_servs_world,2020-09-01
2020-09-15,x_vol_ez,NA,x_servs_world,2020-09-01
2020-07-01,manuf_orders_it,-0.407760765714682,x_servs_world,2020-09-01
2020-08-01,manuf_orders_it,0.536284046856104,x_servs_world,2020-09-01
2020-08-07,manuf_orders_it,0.505426484838976,x_servs_world,2020-09-01
2020-08-16,manuf_orders_it,NA,x_servs_world,2020-09-01
2020-08-25,manuf_orders_it,NA,x_servs_world,2020-09-01
2020-09-01,manuf_orders_it,-0.255370828391383,x_servs_world,2020-09-01
2020-09-08,manuf_orders_it,NA,x_servs_world,2020-09-01
2020-09-15,manuf_orders_it,NA,x_servs_world,2020-09-01
2020-07-01,export_orders_it,1.40454568966933,x_servs_world,2020-09-01
2020-08-01,export_orders_it,1.38901941009894,x_servs_world,2020-09-01
2020-08-07,export_orders_it,NA,x_servs_world,2020-09-01
2020-08-16,export_orders_it,NA,x_servs_world,2020-09-01
2020-08-25,export_orders_it,NA,x_servs_world,2020-09-01
2020-09-01,export_orders_it,-0.249915385577606,x_servs_world,2020-09-01
2020-09-08,export_orders_it,NA,x_servs_world,2020-09-01
2020-09-15,export_orders_it,NA,x_servs_world,2020-09-01
2020-07-01,cci_br,0.000911775290774,x_servs_world,2020-09-01
2020-08-01,cci_br,0.002356907657428,x_servs_world,2020-09-01
2020-08-07,cci_br,0.002223997292709,x_servs_world,2020-09-01
2020-08-16,cci_br,NA,x_servs_world,2020-09-01
2020-08-25,cci_br,NA,x_servs_world,2020-09-01
2020-09-01,cci_br,NA,x_servs_world,2020-09-01
2020-09-08,cci_br,0.000256121953108,x_servs_world,2020-09-01
2020-09-15,cci_br,NA,x_servs_world,2020-09-01
2020-07-01,rti_val_es,-1.02428504092485,x_servs_world,2020-09-01
2020-08-01,rti_val_es,0.775433217449312,x_servs_world,2020-09-01
2020-08-07,rti_val_es,2.14098998397386,x_servs_world,2020-09-01
2020-08-16,rti_val_es,NA,x_servs_world,2020-09-01
2020-08-25,rti_val_es,NA,x_servs_world,2020-09-01
2020-09-01,rti_val_es,0.238768982267313,x_servs_world,2020-09-01
2020-09-08,rti_val_es,NA,x_servs_world,2020-09-01
2020-09-15,rti_val_es,NA,x_servs_world,2020-09-01
2020-07-01,export_orders_uk,0.085414866939096,x_servs_world,2020-09-01
2020-08-01,export_orders_uk,-0.102627493227543,x_servs_world,2020-09-01
2020-08-07,export_orders_uk,NA,x_servs_world,2020-09-01
2020-08-16,export_orders_uk,-0.034194620673696,x_servs_world,2020-09-01
2020-08-25,export_orders_uk,NA,x_servs_world,2020-09-01
2020-09-01,export_orders_uk,-0.091730886139196,x_servs_world,2020-09-01
2020-09-08,export_orders_uk,NA,x_servs_world,2020-09-01
2020-09-15,export_orders_uk,NA,x_servs_world,2020-09-01
2020-07-01,x_servs_world,NA,x_servs_world,2020-09-01
2020-08-01,x_servs_world,-0.353334381410685,x_servs_world,2020-09-01
2020-08-07,x_servs_world,NA,x_servs_world,2020-09-01
2020-08-16,x_servs_world,NA,x_servs_world,2020-09-01
2020-08-25,x_servs_world,-0.80234530537806,x_servs_world,2020-09-01
2020-09-01,x_servs_world,NA,x_servs_world,2020-09-01
2020-09-08,x_servs_world,NA,x_servs_world,2020-09-01
2020-09-15,x_servs_world,NA,x_servs_world,2020-09-01
2020-07-01,fc_x_us,NA,x_servs_world,2020-09-01
2020-08-01,fc_x_us,0.147360976156954,x_servs_world,2020-09-01
2020-08-07,fc_x_us,NA,x_servs_world,2020-09-01
2020-08-16,fc_x_us,NA,x_servs_world,2020-09-01
2020-08-25,fc_x_us,-0.938245440961031,x_servs_world,2020-09-01
2020-09-01,fc_x_us,-1.30218402861053,x_servs_world,2020-09-01
2020-09-08,fc_x_us,NA,x_servs_world,2020-09-01
2020-09-15,fc_x_us,NA,x_servs_world,2020-09-01
2020-07-01,fc_x_de,NA,x_servs_world,2020-09-01
2020-08-01,fc_x_de,-0.708131041581903,x_servs_world,2020-09-01
2020-08-07,fc_x_de,NA,x_servs_world,2020-09-01
2020-08-16,fc_x_de,NA,x_servs_world,2020-09-01
2020-08-25,fc_x_de,-1.60421114410709,x_servs_world,2020-09-01
2020-09-01,fc_x_de,1.92765369375949,x_servs_world,2020-09-01
2020-09-08,fc_x_de,NA,x_servs_world,2020-09-01
2020-09-15,fc_x_de,NA,x_servs_world,2020-09-01
2020-07-01,fc_gdp_us,NA,x_servs_world,2020-09-01
2020-08-01,fc_gdp_us,-1.3661675913581,x_servs_world,2020-09-01
2020-08-07,fc_gdp_us,NA,x_servs_world,2020-09-01
2020-08-16,fc_gdp_us,NA,x_servs_world,2020-09-01
2020-08-25,fc_gdp_us,-1.08075678566617,x_servs_world,2020-09-01
2020-09-01,fc_gdp_us,1.1333275542977,x_servs_world,2020-09-01
2020-09-08,fc_gdp_us,NA,x_servs_world,2020-09-01
2020-09-15,fc_gdp_us,NA,x_servs_world,2020-09-01
2020-07-01,x_world,NA,x_servs_world,2020-09-01
2020-08-01,x_world,0.04631614777164,x_servs_world,2020-09-01
2020-08-07,x_world,NA,x_servs_world,2020-09-01
2020-08-16,x_world,NA,x_servs_world,2020-09-01
2020-08-25,x_world,-0.193302191777123,x_servs_world,2020-09-01
2020-09-01,x_world,NA,x_servs_world,2020-09-01
2020-09-08,x_world,NA,x_servs_world,2020-09-01
2020-09-15,x_world,NA,x_servs_world,2020-09-01
2020-07-01,x_servs_sg,NA,x_servs_world,2020-09-01
2020-08-01,x_servs_sg,0.005194460402918,x_servs_world,2020-09-01
2020-08-07,x_servs_sg,NA,x_servs_world,2020-09-01
2020-08-16,x_servs_sg,NA,x_servs_world,2020-09-01
2020-08-25,x_servs_sg,0.019496416076921,x_servs_world,2020-09-01
2020-09-01,x_servs_sg,NA,x_servs_world,2020-09-01
2020-09-08,x_servs_sg,NA,x_servs_world,2020-09-01
2020-09-15,x_servs_sg,-0.010635029964993,x_servs_world,2020-09-01
2020-04-01,forecast,-4.94185778954199,x_world,2020-06-01
2020-05-01,forecast,-12.862164691497,x_world,2020-06-01
2020-06-01,forecast,-21.4229132195142,x_world,2020-06-01
2020-07-01,forecast,-24.4890125395561,x_world,2020-06-01
2020-08-01,forecast,-21.7287884385083,x_world,2020-06-01
2020-08-07,forecast,-17.160483378254,x_world,2020-06-01
2020-08-16,forecast,-13.4328680460796,x_world,2020-06-01
2020-08-25,forecast,-15.7053250553698,x_world,2020-06-01
2020-09-01,forecast,-14.6103772118834,x_world,2020-06-01
2020-09-08,forecast,-14.6395021751137,x_world,2020-06-01
2020-09-15,forecast,-14.6855965016882,x_world,2020-06-01
2020-04-01,impact_revisions,0,x_world,2020-06-01
2020-05-01,impact_revisions,0,x_world,2020-06-01
2020-06-01,impact_revisions,0,x_world,2020-06-01
2020-07-01,impact_revisions,0,x_world,2020-06-01
2020-08-01,impact_revisions,0,x_world,2020-06-01
2020-08-07,impact_revisions,0.903838510651889,x_world,2020-06-01
2020-08-16,impact_revisions,0.699211663569393,x_world,2020-06-01
2020-08-25,impact_revisions,0.025518285665424,x_world,2020-06-01
2020-09-01,impact_revisions,0.057635011544396,x_world,2020-06-01
2020-09-08,impact_revisions,0.001580449423022,x_world,2020-06-01
2020-09-15,impact_revisions,0.009798570973138,x_world,2020-06-01
2020-04-01,ipi_de,0.001684759636597,x_world,2020-06-01
2020-05-01,ipi_de,0.000686085097206,x_world,2020-06-01
2020-06-01,ipi_de,-0.005342360949794,x_world,2020-06-01
2020-07-01,ipi_de,-0.010812415723972,x_world,2020-06-01
2020-08-01,ipi_de,0.00471816034727,x_world,2020-06-01
2020-08-07,ipi_de,NA,x_world,2020-06-01
2020-08-16,ipi_de,0.004119627072283,x_world,2020-06-01
2020-08-25,ipi_de,NA,x_world,2020-06-01
2020-09-01,ipi_de,NA,x_world,2020-06-01
2020-09-08,ipi_de,NA,x_world,2020-06-01
2020-09-15,ipi_de,2.39524923189907E-05,x_world,2020-06-01
2020-04-01,x_it,0.38156665442841,x_world,2020-06-01
2020-05-01,x_it,0.124731895443365,x_world,2020-06-01
2020-06-01,x_it,-1.20258928518859,x_world,2020-06-01
2020-07-01,x_it,-3.0217793768903,x_world,2020-06-01
2020-08-01,x_it,1.54221717285976,x_world,2020-06-01
2020-08-07,x_it,NA,x_world,2020-06-01
2020-08-16,x_it,2.13573210386134,x_world,2020-06-01
2020-08-25,x_it,NA,x_world,2020-06-01
2020-09-01,x_it,NA,x_world,2020-06-01
2020-09-08,x_it,NA,x_world,2020-06-01
2020-09-15,x_it,NA,x_world,2020-06-01
2020-04-01,ipi_ru,0.06119040223632,x_world,2020-06-01
2020-05-01,ipi_ru,0.119625022366754,x_world,2020-06-01
2020-06-01,ipi_ru,0.234010275200933,x_world,2020-06-01
2020-07-01,ipi_ru,-0.526221641032713,x_world,2020-06-01
2020-08-01,ipi_ru,0.305053184467532,x_world,2020-06-01
2020-08-07,ipi_ru,0.232691777798177,x_world,2020-06-01
2020-08-16,ipi_ru,NA,x_world,2020-06-01
2020-08-25,ipi_ru,NA,x_world,2020-06-01
2020-09-01,ipi_ru,NA,x_world,2020-06-01
2020-09-08,ipi_ru,-0.022274209508573,x_world,2020-06-01
2020-09-15,ipi_ru,NA,x_world,2020-06-01
2020-04-01,x_br,0.210115263263032,x_world,2020-06-01
2020-05-01,x_br,0.008604256182599,x_world,2020-06-01
2020-06-01,x_br,-0.056575411270423,x_world,2020-06-01
2020-07-01,x_br,0.085273401539515,x_world,2020-06-01
2020-08-01,x_br,-0.003842122057193,x_world,2020-06-01
2020-08-07,x_br,NA,x_world,2020-06-01
2020-08-16,x_br,0.017258667085818,x_world,2020-06-01
2020-08-25,x_br,NA,x_world,2020-06-01
2020-09-01,x_br,NA,x_world,2020-06-01
2020-09-08,x_br,NA,x_world,2020-06-01
2020-09-15,x_br,-0.014261905434469,x_world,2020-06-01
2020-04-01,x_vol_ez,0.000409829934849,x_world,2020-06-01
2020-05-01,x_vol_ez,0.000899813428696,x_world,2020-06-01
2020-06-01,x_vol_ez,-0.005247618002816,x_world,2020-06-01
2020-07-01,x_vol_ez,-0.013843350679299,x_world,2020-06-01
2020-08-01,x_vol_ez,0.005614403250902,x_world,2020-06-01
2020-08-07,x_vol_ez,NA,x_world,2020-06-01
2020-08-16,x_vol_ez,NA,x_world,2020-06-01
2020-08-25,x_vol_ez,NA,x_world,2020-06-01
2020-09-01,x_vol_ez,0.003096580671971,x_world,2020-06-01
2020-09-08,x_vol_ez,NA,x_world,2020-06-01
2020-09-15,x_vol_ez,NA,x_world,2020-06-01
2020-04-01,rti_vol_fr,-0.008753212132273,x_world,2020-06-01
2020-05-01,rti_vol_fr,-0.005092218589997,x_world,2020-06-01
2020-06-01,rti_vol_fr,-0.598279992878419,x_world,2020-06-01
2020-07-01,rti_vol_fr,-1.07638539774651,x_world,2020-06-01
2020-08-01,rti_vol_fr,0.716699459946214,x_world,2020-06-01
2020-08-07,rti_vol_fr,0.677702955566802,x_world,2020-06-01
2020-08-16,rti_vol_fr,NA,x_world,2020-06-01
2020-08-25,rti_vol_fr,NA,x_world,2020-06-01
2020-09-01,rti_vol_fr,0.072448080016051,x_world,2020-06-01
2020-09-08,rti_vol_fr,NA,x_world,2020-06-01
2020-09-15,rti_vol_fr,NA,x_world,2020-06-01
2020-04-01,constr_ca,0.055050172375656,x_world,2020-06-01
2020-05-01,constr_ca,0.085409918527527,x_world,2020-06-01
2020-06-01,constr_ca,0.073935253693728,x_world,2020-06-01
2020-07-01,constr_ca,-0.750812128036721,x_world,2020-06-01
2020-08-01,constr_ca,-2.16735314068832,x_world,2020-06-01
2020-08-07,constr_ca,2.62355851268232,x_world,2020-06-01
2020-08-16,constr_ca,NA,x_world,2020-06-01
2020-08-25,constr_ca,NA,x_world,2020-06-01
2020-09-01,constr_ca,0.534294636882776,x_world,2020-06-01
2020-09-08,constr_ca,NA,x_world,2020-06-01
2020-09-15,constr_ca,NA,x_world,2020-06-01
2020-04-01,x_nl,0.077433704595217,x_world,2020-06-01
2020-05-01,x_nl,-0.107012997029929,x_world,2020-06-01
2020-06-01,x_nl,0.015322661872763,x_world,2020-06-01
2020-07-01,x_nl,-0.489174545043926,x_world,2020-06-01
2020-08-01,x_nl,0.607780365069937,x_world,2020-06-01
2020-08-07,x_nl,NA,x_world,2020-06-01
2020-08-16,x_nl,0.747460247835884,x_world,2020-06-01
2020-08-25,x_nl,NA,x_world,2020-06-01
2020-09-01,x_nl,NA,x_world,2020-06-01
2020-09-08,x_nl,NA,x_world,2020-06-01
2020-09-15,x_nl,NA,x_world,2020-06-01
2020-04-01,bci_nl,-3.36127453197423,x_world,2020-06-01
2020-05-01,bci_nl,-6.19741928394454,x_world,2020-06-01
2020-06-01,bci_nl,-3.97157253432677,x_world,2020-06-01
2020-07-01,bci_nl,2.76275808242489,x_world,2020-06-01
2020-08-01,bci_nl,0.880129277591721,x_world,2020-06-01
2020-08-07,bci_nl,0.130513303555067,x_world,2020-06-01
2020-08-16,bci_nl,NA,x_world,2020-06-01
2020-08-25,bci_nl,NA,x_world,2020-06-01
2020-09-01,bci_nl,NA,x_world,2020-06-01
2020-09-08,bci_nl,-0.008431203144726,x_world,2020-06-01
2020-09-15,bci_nl,NA,x_world,2020-06-01
2020-04-01,x_servs_ez,0.007833461483423,x_world,2020-06-01
2020-05-01,x_servs_ez,-0.008976111444492,x_world,2020-06-01
2020-06-01,x_servs_ez,-0.22181114867438,x_world,2020-06-01
2020-07-01,x_servs_ez,-0.301684593402603,x_world,2020-06-01
2020-08-01,x_servs_ez,-0.021155924315568,x_world,2020-06-01
2020-08-07,x_servs_ez,NA,x_world,2020-06-01
2020-08-16,x_servs_ez,NA,x_world,2020-06-01
2020-08-25,x_servs_ez,0.020695007649807,x_world,2020-06-01
2020-09-01,x_servs_ez,NA,x_world,2020-06-01
2020-09-08,x_servs_ez,NA,x_world,2020-06-01
2020-09-15,x_servs_ez,NA,x_world,2020-06-01
2020-04-01,x_jp,0.409474453707285,x_world,2020-06-01
2020-05-01,x_jp,-0.014842928477476,x_world,2020-06-01
2020-06-01,x_jp,-0.660922827445572,x_world,2020-06-01
2020-07-01,x_jp,0.302075496555172,x_world,2020-06-01
2020-08-01,x_jp,0.370291591131726,x_world,2020-06-01
2020-08-07,x_jp,NA,x_world,2020-06-01
2020-08-16,x_jp,NA,x_world,2020-06-01
2020-08-25,x_jp,0.010890303222107,x_world,2020-06-01
2020-09-01,x_jp,NA,x_world,2020-06-01
2020-09-08,x_jp,NA,x_world,2020-06-01
2020-09-15,x_jp,NA,x_world,2020-06-01
2020-04-01,air_freight_hkg,-0.315250741823666,x_world,2020-06-01
2020-05-01,air_freight_hkg,0.161356342468933,x_world,2020-06-01
2020-06-01,air_freight_hkg,0.235098019268168,x_world,2020-06-01
2020-07-01,air_freight_hkg,0.440024242988121,x_world,2020-06-01
2020-08-01,air_freight_hkg,0.192992522521909,x_world,2020-06-01
2020-08-07,air_freight_hkg,NA,x_world,2020-06-01
2020-08-16,air_freight_hkg,-0.070077432744256,x_world,2020-06-01
2020-08-25,air_freight_hkg,NA,x_world,2020-06-01
2020-09-01,air_freight_hkg,NA,x_world,2020-06-01
2020-09-08,air_freight_hkg,NA,x_world,2020-06-01
2020-09-15,air_freight_hkg,-0.041654944605516,x_world,2020-06-01
2020-04-01,bci_jp,-0.796043038627091,x_world,2020-06-01
2020-05-01,bci_jp,-1.22919819663909,x_world,2020-06-01
2020-06-01,bci_jp,-1.42966724262329,x_world,2020-06-01
2020-07-01,bci_jp,-0.477782405803428,x_world,2020-06-01
2020-08-01,bci_jp,-0.065977479361862,x_world,2020-06-01
2020-08-07,bci_jp,NA,x_world,2020-06-01
2020-08-16,bci_jp,NA,x_world,2020-06-01
2020-08-25,bci_jp,NA,x_world,2020-06-01
2020-09-01,bci_jp,NA,x_world,2020-06-01
2020-09-08,bci_jp,NA,x_world,2020-06-01
2020-09-15,bci_jp,NA,x_world,2020-06-01
2020-04-01,export_orders_de,0.760693295859488,x_world,2020-06-01
2020-05-01,export_orders_de,-0.241945978126578,x_world,2020-06-01
2020-06-01,export_orders_de,-1.07977309464711,x_world,2020-06-01
2020-07-01,export_orders_de,0.060954532174399,x_world,2020-06-01
2020-08-01,export_orders_de,0.14983463857272,x_world,2020-06-01
2020-08-07,export_orders_de,NA,x_world,2020-06-01
2020-08-16,export_orders_de,0.193910455493964,x_world,2020-06-01
2020-08-25,export_orders_de,NA,x_world,2020-06-01
2020-09-01,export_orders_de,0.072275817720847,x_world,2020-06-01
2020-09-08,export_orders_de,NA,x_world,2020-06-01
2020-09-15,export_orders_de,NA,x_world,2020-06-01
2020-04-01,x_vol_cis,-0.001756323893879,x_world,2020-06-01
2020-05-01,x_vol_cis,0.066502292834993,x_world,2020-06-01
2020-06-01,x_vol_cis,0.112666777954349,x_world,2020-06-01
2020-07-01,x_vol_cis,-0.048689221364483,x_world,2020-06-01
2020-08-01,x_vol_cis,-0.048112136905215,x_world,2020-06-01
2020-08-07,x_vol_cis,NA,x_world,2020-06-01
2020-08-16,x_vol_cis,NA,x_world,2020-06-01
2020-08-25,x_vol_cis,NA,x_world,2020-06-01
2020-09-01,x_vol_cis,-0.111458991865247,x_world,2020-06-01
2020-09-08,x_vol_cis,NA,x_world,2020-06-01
2020-09-15,x_vol_cis,NA,x_world,2020-06-01
2020-04-01,x_world,NA,x_world,2020-06-01
2020-05-01,x_world,0.277377202360186,x_world,2020-06-01
2020-06-01,x_world,NA,x_world,2020-06-01
2020-07-01,x_world,NA,x_world,2020-06-01
2020-08-01,x_world,2.5869947312354,x_world,2020-06-01
2020-08-07,x_world,NA,x_world,2020-06-01
2020-08-16,x_world,NA,x_world,2020-06-01
2020-08-25,x_world,1.28108557991321,x_world,2020-06-01
2020-09-01,x_world,NA,x_world,2020-06-01
2020-09-08,x_world,NA,x_world,2020-06-01
2020-09-15,x_world,NA,x_world,2020-06-01
2020-04-01,fc_x_us,NA,x_world,2020-06-01
2020-05-01,fc_x_us,-0.961012016413166,x_world,2020-06-01
2020-06-01,fc_x_us,NA,x_world,2020-06-01
2020-07-01,fc_x_us,NA,x_world,2020-06-01
2020-08-01,fc_x_us,-2.2956606026191,x_world,2020-06-01
2020-08-07,fc_x_us,NA,x_world,2020-06-01
2020-08-16,fc_x_us,NA,x_world,2020-06-01
2020-08-25,fc_x_us,-3.61064618574083,x_world,2020-06-01
2020-09-01,fc_x_us,0.466656708515605,x_world,2020-06-01
2020-09-08,fc_x_us,NA,x_world,2020-06-01
2020-09-15,fc_x_us,NA,x_world,2020-06-01
2020-04-01,forecast,-2.60859396243361,x_servs_world,2020-06-01
2020-05-01,forecast,-10.5939854112233,x_servs_world,2020-06-01
2020-06-01,forecast,-18.6693954336019,x_servs_world,2020-06-01
2020-07-01,forecast,-21.1527044527821,x_servs_world,2020-06-01
2020-08-01,forecast,-17.1520972019284,x_servs_world,2020-06-01
2020-08-07,forecast,-12.9893737226157,x_servs_world,2020-06-01
2020-08-16,forecast,-8.87023478297785,x_servs_world,2020-06-01
2020-08-25,forecast,-14.9638242787903,x_servs_world,2020-06-01
2020-09-01,forecast,-14.3254676589812,x_servs_world,2020-06-01
2020-09-08,forecast,-14.2993464012413,x_servs_world,2020-06-01
2020-09-15,forecast,-14.1936490189906,x_servs_world,2020-06-01
2020-04-01,impact_revisions,0,x_servs_world,2020-06-01
2020-05-01,impact_revisions,0,x_servs_world,2020-06-01
2020-06-01,impact_revisions,0,x_servs_world,2020-06-01
2020-07-01,impact_revisions,0,x_servs_world,2020-06-01
2020-08-01,impact_revisions,0,x_servs_world,2020-06-01
2020-08-07,impact_revisions,1.96092399992623,x_servs_world,2020-06-01
2020-08-16,impact_revisions,3.01195016321798,x_servs_world,2020-06-01
2020-08-25,impact_revisions,-0.418489662117616,x_servs_world,2020-06-01
2020-09-01,impact_revisions,-0.026041689967726,x_servs_world,2020-06-01
2020-09-08,impact_revisions,-0.015037162550152,x_servs_world,2020-06-01
2020-09-15,impact_revisions,0.052364365914934,x_servs_world,2020-06-01
2020-04-01,x_nl,-6.21954534111424E-05,x_servs_world,2020-06-01
2020-05-01,x_nl,-0.000188507425752,x_servs_world,2020-06-01
2020-06-01,x_nl,0.00016362659939,x_servs_world,2020-06-01
2020-07-01,x_nl,-7.44332332855563E-05,x_servs_world,2020-06-01
2020-08-01,x_nl,0.001126305106429,x_servs_world,2020-06-01
2020-08-07,x_nl,NA,x_servs_world,2020-06-01
2020-08-16,x_nl,0.000296011825592,x_servs_world,2020-06-01
2020-08-25,x_nl,NA,x_servs_world,2020-06-01
2020-09-01,x_nl,NA,x_servs_world,2020-06-01
2020-09-08,x_nl,NA,x_servs_world,2020-06-01
2020-09-15,x_nl,NA,x_servs_world,2020-06-01
2020-04-01,x_servs_us,-0.000839233549545,x_servs_world,2020-06-01
2020-05-01,x_servs_us,-0.000337983085155,x_servs_world,2020-06-01
2020-06-01,x_servs_us,-0.006408253209482,x_servs_world,2020-06-01
2020-07-01,x_servs_us,-0.003227405569653,x_servs_world,2020-06-01
2020-08-01,x_servs_us,0.00087497065187,x_servs_world,2020-06-01
2020-08-07,x_servs_us,9.26842427238466E-05,x_servs_world,2020-06-01
2020-08-16,x_servs_us,NA,x_servs_world,2020-06-01
2020-08-25,x_servs_us,NA,x_servs_world,2020-06-01
2020-09-01,x_servs_us,NA,x_servs_world,2020-06-01
2020-09-08,x_servs_us,-0.000275804483833,x_servs_world,2020-06-01
2020-09-15,x_servs_us,NA,x_servs_world,2020-06-01
2020-04-01,p_manuf,0.011273146101375,x_servs_world,2020-06-01
2020-05-01,p_manuf,-0.038448524136376,x_servs_world,2020-06-01
2020-06-01,p_manuf,0.157352731757096,x_servs_world,2020-06-01
2020-07-01,p_manuf,0.075871438607017,x_servs_world,2020-06-01
2020-08-01,p_manuf,0.094002254798024,x_servs_world,2020-06-01
2020-08-07,p_manuf,NA,x_servs_world,2020-06-01
2020-08-16,p_manuf,NA,x_servs_world,2020-06-01
2020-08-25,p_manuf,NA,x_servs_world,2020-06-01
2020-09-01,p_manuf,0.004217147944628,x_servs_world,2020-06-01
2020-09-08,p_manuf,NA,x_servs_world,2020-06-01
2020-09-15,p_manuf,NA,x_servs_world,2020-06-01
2020-04-01,bci_nl,-3.97436154434298,x_servs_world,2020-06-01
2020-05-01,bci_nl,-6.24080617768525,x_servs_world,2020-06-01
2020-06-01,bci_nl,-2.74776913940687,x_servs_world,2020-06-01
2020-07-01,bci_nl,3.27552864816228,x_servs_world,2020-06-01
2020-08-01,bci_nl,0.384753026506762,x_servs_world,2020-06-01
2020-08-07,bci_nl,-0.001337489143518,x_servs_world,2020-06-01
2020-08-16,bci_nl,NA,x_servs_world,2020-06-01
2020-08-25,bci_nl,NA,x_servs_world,2020-06-01
2020-09-01,bci_nl,NA,x_servs_world,2020-06-01
2020-09-08,bci_nl,0.072201231367784,x_servs_world,2020-06-01
2020-09-15,bci_nl,NA,x_servs_world,2020-06-01
2020-04-01,manuf_orders_us_2,0.054735004047632,x_servs_world,2020-06-01
2020-05-01,manuf_orders_us_2,0.037673270801613,x_servs_world,2020-06-01
2020-06-01,manuf_orders_us_2,-0.342416415646146,x_servs_world,2020-06-01
2020-07-01,manuf_orders_us_2,-0.229966411009629,x_servs_world,2020-06-01
2020-08-01,manuf_orders_us_2,0.601044319276697,x_servs_world,2020-06-01
2020-08-07,manuf_orders_us_2,0.322845800793304,x_servs_world,2020-06-01
2020-08-16,manuf_orders_us_2,NA,x_servs_world,2020-06-01
2020-08-25,manuf_orders_us_2,NA,x_servs_world,2020-06-01
2020-09-01,manuf_orders_us_2,NA,x_servs_world,2020-06-01
2020-09-08,manuf_orders_us_2,-0.030795428854019,x_servs_world,2020-06-01
2020-09-15,manuf_orders_us_2,NA,x_servs_world,2020-06-01
2020-04-01,rti_val_fr,-0.003006313836863,x_servs_world,2020-06-01
2020-05-01,rti_val_fr,-0.010272731813848,x_servs_world,2020-06-01
2020-06-01,rti_val_fr,-0.814936503576611,x_servs_world,2020-06-01
2020-07-01,rti_val_fr,-1.31528685202558,x_servs_world,2020-06-01
2020-08-01,rti_val_fr,1.04337284116115,x_servs_world,2020-06-01
2020-08-07,rti_val_fr,0.838447317704769,x_servs_world,2020-06-01
2020-08-16,rti_val_fr,NA,x_servs_world,2020-06-01
2020-08-25,rti_val_fr,NA,x_servs_world,2020-06-01
2020-09-01,rti_val_fr,0.08065851346103,x_servs_world,2020-06-01
2020-09-08,rti_val_fr,NA,x_servs_world,2020-06-01
2020-09-15,rti_val_fr,NA,x_servs_world,2020-06-01
2020-04-01,ipi_jp,0.000324670274893,x_servs_world,2020-06-01
2020-05-01,ipi_jp,0.000139930804692,x_servs_world,2020-06-01
2020-06-01,ipi_jp,5.36960731828833E-05,x_servs_world,2020-06-01
2020-07-01,ipi_jp,-0.000182890476086,x_servs_world,2020-06-01
2020-08-01,ipi_jp,-8.16306260625212E-05,x_servs_world,2020-06-01
2020-08-07,ipi_jp,0.000213523876474,x_servs_world,2020-06-01
2020-08-16,ipi_jp,NA,x_servs_world,2020-06-01
2020-08-25,ipi_jp,NA,x_servs_world,2020-06-01
2020-09-01,ipi_jp,5.61417243162596E-05,x_servs_world,2020-06-01
2020-09-08,ipi_jp,NA,x_servs_world,2020-06-01
2020-09-15,ipi_jp,NA,x_servs_world,2020-06-01
2020-04-01,manuf_emp_fut_it,0.056622269745091,x_servs_world,2020-06-01
2020-05-01,manuf_emp_fut_it,-0.674455831299832,x_servs_world,2020-06-01
2020-06-01,manuf_emp_fut_it,-0.210252660504441,x_servs_world,2020-06-01
2020-07-01,manuf_emp_fut_it,1.12556400353867,x_servs_world,2020-06-01
2020-08-01,manuf_emp_fut_it,0.339007792077174,x_servs_world,2020-06-01
2020-08-07,manuf_emp_fut_it,NA,x_servs_world,2020-06-01
2020-08-16,manuf_emp_fut_it,NA,x_servs_world,2020-06-01
2020-08-25,manuf_emp_fut_it,NA,x_servs_world,2020-06-01
2020-09-01,manuf_emp_fut_it,-0.075624980938728,x_servs_world,2020-06-01
2020-09-08,manuf_emp_fut_it,NA,x_servs_world,2020-06-01
2020-09-15,manuf_emp_fut_it,NA,x_servs_world,2020-06-01
2020-04-01,ipi_eu27,0.169465853003794,x_servs_world,2020-06-01
2020-05-01,ipi_eu27,0.173776842418609,x_servs_world,2020-06-01
2020-06-01,ipi_eu27,-1.21454879050236,x_servs_world,2020-06-01
2020-07-01,ipi_eu27,-2.48383746647598,x_servs_world,2020-06-01
2020-08-01,ipi_eu27,1.30739016744011,x_servs_world,2020-06-01
2020-08-07,ipi_eu27,NA,x_servs_world,2020-06-01
2020-08-16,ipi_eu27,1.11489910397649,x_servs_world,2020-06-01
2020-08-25,ipi_eu27,NA,x_servs_world,2020-06-01
2020-09-01,ipi_eu27,NA,x_servs_world,2020-06-01
2020-09-08,ipi_eu27,NA,x_servs_world,2020-06-01
2020-09-15,ipi_eu27,0.0766882332078,x_servs_world,2020-06-01
2020-04-01,x_vol_ez,0.020312456396035,x_servs_world,2020-06-01
2020-05-01,x_vol_ez,0.123509327966422,x_servs_world,2020-06-01
2020-06-01,x_vol_ez,-0.556456494954339,x_servs_world,2020-06-01
2020-07-01,x_vol_ez,-1.85146483684005,x_servs_world,2020-06-01
2020-08-01,x_vol_ez,0.794065864024473,x_servs_world,2020-06-01
2020-08-07,x_vol_ez,NA,x_servs_world,2020-06-01
2020-08-16,x_vol_ez,NA,x_servs_world,2020-06-01
2020-08-25,x_vol_ez,NA,x_servs_world,2020-06-01
2020-09-01,x_vol_ez,0.56536948689983,x_servs_world,2020-06-01
2020-09-08,x_vol_ez,NA,x_servs_world,2020-06-01
2020-09-15,x_vol_ez,NA,x_servs_world,2020-06-01
2020-04-01,manuf_orders_it,0.093580982255411,x_servs_world,2020-06-01
2020-05-01,manuf_orders_it,0.125878356991668,x_servs_world,2020-06-01
2020-06-01,manuf_orders_it,0.070930146699406,x_servs_world,2020-06-01
2020-07-01,manuf_orders_it,-0.592557560504874,x_servs_world,2020-06-01
2020-08-01,manuf_orders_it,0.46339939883895,x_servs_world,2020-06-01
2020-08-07,manuf_orders_it,0.197763699259332,x_servs_world,2020-06-01
2020-08-16,manuf_orders_it,NA,x_servs_world,2020-06-01
2020-08-25,manuf_orders_it,NA,x_servs_world,2020-06-01
2020-09-01,manuf_orders_it,-0.072090372779647,x_servs_world,2020-06-01
2020-09-08,manuf_orders_it,NA,x_servs_world,2020-06-01
2020-09-15,manuf_orders_it,NA,x_servs_world,2020-06-01
2020-04-01,export_orders_it,0.103038373531428,x_servs_world,2020-06-01
2020-05-01,export_orders_it,-0.305152844252042,x_servs_world,2020-06-01
2020-06-01,export_orders_it,-1.3800677565572,x_servs_world,2020-06-01
2020-07-01,export_orders_it,0.952818654253176,x_servs_world,2020-06-01
2020-08-01,export_orders_it,0.465381781928292,x_servs_world,2020-06-01
2020-08-07,export_orders_it,NA,x_servs_world,2020-06-01
2020-08-16,export_orders_it,NA,x_servs_world,2020-06-01
2020-08-25,export_orders_it,NA,x_servs_world,2020-06-01
2020-09-01,export_orders_it,-0.070714691673425,x_servs_world,2020-06-01
2020-09-08,export_orders_it,NA,x_servs_world,2020-06-01
2020-09-15,export_orders_it,NA,x_servs_world,2020-06-01
2020-04-01,cci_br,-0.001848066733665,x_servs_world,2020-06-01
2020-05-01,cci_br,-0.002737913331717,x_servs_world,2020-06-01
2020-06-01,cci_br,-0.002142496173343,x_servs_world,2020-06-01
2020-07-01,cci_br,0.000558086011852,x_servs_world,2020-06-01
2020-08-01,cci_br,0.000679486458159,x_servs_world,2020-06-01
2020-08-07,cci_br,0.000370849429754,x_servs_world,2020-06-01
2020-08-16,cci_br,NA,x_servs_world,2020-06-01
2020-08-25,cci_br,NA,x_servs_world,2020-06-01
2020-09-01,cci_br,NA,x_servs_world,2020-06-01
2020-09-08,cci_br,2.84222601156453E-05,x_servs_world,2020-06-01
2020-09-15,cci_br,NA,x_servs_world,2020-06-01
2020-04-01,rti_val_es,0.02158234217055,x_servs_world,2020-06-01
2020-05-01,rti_val_es,0.042855646093462,x_servs_world,2020-06-01
2020-06-01,rti_val_es,-0.961468339794108,x_servs_world,2020-06-01
2020-07-01,rti_val_es,-1.49644618055569,x_servs_world,2020-06-01
2020-08-01,rti_val_es,0.675537389886451,x_servs_world,2020-06-01
2020-08-07,rti_val_es,0.843403093223646,x_servs_world,2020-06-01
2020-08-16,rti_val_es,NA,x_servs_world,2020-06-01
2020-08-25,rti_val_es,NA,x_servs_world,2020-06-01
2020-09-01,rti_val_es,0.067980249350968,x_servs_world,2020-06-01
2020-09-08,rti_val_es,NA,x_servs_world,2020-06-01
2020-09-15,rti_val_es,NA,x_servs_world,2020-06-01
2020-04-01,export_orders_uk,0.095591873742216,x_servs_world,2020-06-01
2020-05-01,export_orders_uk,-0.072098597635976,x_servs_world,2020-06-01
2020-06-01,export_orders_uk,-0.067443373182742,x_servs_world,2020-06-01
2020-07-01,export_orders_uk,0.059394186937607,x_servs_world,2020-06-01
2020-08-01,export_orders_uk,-0.035595201120251,x_servs_world,2020-06-01
2020-08-07,export_orders_uk,NA,x_servs_world,2020-06-01
2020-08-16,export_orders_uk,-0.00800633938226,x_servs_world,2020-06-01
2020-08-25,export_orders_uk,NA,x_servs_world,2020-06-01
2020-09-01,export_orders_uk,-0.009642033702848,x_servs_world,2020-06-01
2020-09-08,export_orders_uk,NA,x_servs_world,2020-06-01
2020-09-15,export_orders_uk,NA,x_servs_world,2020-06-01
2020-04-01,x_servs_world,NA,x_servs_world,2020-06-01
2020-05-01,x_servs_world,-0.349857320723768,x_servs_world,2020-06-01
2020-06-01,x_servs_world,NA,x_servs_world,2020-06-01
2020-07-01,x_servs_world,NA,x_servs_world,2020-06-01
2020-08-01,x_servs_world,-0.54815547847731,x_servs_world,2020-06-01
2020-08-07,x_servs_world,NA,x_servs_world,2020-06-01
2020-08-16,x_servs_world,NA,x_servs_world,2020-06-01
2020-08-25,x_servs_world,-1.28758149870185,x_servs_world,2020-06-01
2020-09-01,x_servs_world,NA,x_servs_world,2020-06-01
2020-09-08,x_servs_world,NA,x_servs_world,2020-06-01
2020-09-15,x_servs_world,NA,x_servs_world,2020-06-01
2020-04-01,fc_x_us,NA,x_servs_world,2020-06-01
2020-05-01,fc_x_us,-0.311797209133159,x_servs_world,2020-06-01
2020-06-01,fc_x_us,NA,x_servs_world,2020-06-01
2020-07-01,fc_x_us,NA,x_servs_world,2020-06-01
2020-08-01,fc_x_us,0.141687512831045,x_servs_world,2020-06-01
2020-08-07,fc_x_us,NA,x_servs_world,2020-06-01
2020-08-16,fc_x_us,NA,x_servs_world,2020-06-01
2020-08-25,fc_x_us,-1.10073751076256,x_servs_world,2020-06-01
2020-09-01,fc_x_us,-0.02384307720802,x_servs_world,2020-06-01
2020-09-08,fc_x_us,NA,x_servs_world,2020-06-01
2020-09-15,fc_x_us,NA,x_servs_world,2020-06-01
2020-04-01,fc_x_de,NA,x_servs_world,2020-06-01
2020-05-01,fc_x_de,-0.257465840843542,x_servs_world,2020-06-01
2020-06-01,fc_x_de,NA,x_servs_world,2020-06-01
2020-07-01,fc_x_de,NA,x_servs_world,2020-06-01
2020-08-01,fc_x_de,-0.674293537229693,x_servs_world,2020-06-01
2020-08-07,fc_x_de,NA,x_servs_world,2020-06-01
2020-08-16,fc_x_de,NA,x_servs_world,2020-06-01
2020-08-25,fc_x_de,-1.8689728478644,x_servs_world,2020-06-01
2020-09-01,fc_x_de,0.010126238349201,x_servs_world,2020-06-01
2020-09-08,fc_x_de,NA,x_servs_world,2020-06-01
2020-09-15,fc_x_de,NA,x_servs_world,2020-06-01
2020-04-01,fc_gdp_us,NA,x_servs_world,2020-06-01
2020-05-01,fc_gdp_us,-0.226340609183253,x_servs_world,2020-06-01
2020-06-01,fc_gdp_us,NA,x_servs_world,2020-06-01
2020-07-01,fc_gdp_us,NA,x_servs_world,2020-06-01
2020-08-01,fc_gdp_us,-1.47577043990659,x_servs_world,2020-06-01
2020-08-07,fc_gdp_us,NA,x_servs_world,2020-06-01
2020-08-16,fc_gdp_us,NA,x_servs_world,2020-06-01
2020-08-25,fc_gdp_us,-1.40078926391517,x_servs_world,2020-06-01
2020-09-01,fc_gdp_us,0.187905688349497,x_servs_world,2020-06-01
2020-09-08,fc_gdp_us,NA,x_servs_world,2020-06-01
2020-09-15,fc_gdp_us,NA,x_servs_world,2020-06-01
2020-04-01,x_world,NA,x_servs_world,2020-06-01
2020-05-01,x_world,0.001383051054052,x_servs_world,2020-06-01
2020-06-01,x_world,NA,x_servs_world,2020-06-01
2020-07-01,x_world,NA,x_servs_world,2020-06-01
2020-08-01,x_world,0.43048808151862,x_servs_world,2020-06-01
2020-08-07,x_world,NA,x_servs_world,2020-06-01
2020-08-16,x_world,NA,x_servs_world,2020-06-01
2020-08-25,x_world,-0.037832699435361,x_servs_world,2020-06-01
2020-09-01,x_world,NA,x_servs_world,2020-06-01
2020-09-08,x_world,NA,x_servs_world,2020-06-01
2020-09-15,x_world,NA,x_servs_world,2020-06-01
2020-04-01,x_servs_sg,NA,x_servs_world,2020-06-01
2020-05-01,x_servs_sg,-0.000647784370901,x_servs_world,2020-06-01
2020-06-01,x_servs_sg,NA,x_servs_world,2020-06-01
2020-07-01,x_servs_sg,NA,x_servs_world,2020-06-01
2020-08-01,x_servs_sg,-0.008307654290562,x_servs_world,2020-06-01
2020-08-07,x_servs_sg,NA,x_servs_world,2020-06-01
2020-08-16,x_servs_sg,NA,x_servs_world,2020-06-01
2020-08-25,x_servs_sg,0.011388227780311,x_servs_world,2020-06-01
2020-09-01,x_servs_sg,NA,x_servs_world,2020-06-01
2020-09-08,x_servs_sg,NA,x_servs_world,2020-06-01
2020-09-15,x_servs_sg,-0.023355216872063,x_servs_world,2020-06-01
2020-04-01,forecast,0.458358714114929,x_vol_world2,2020-06-01
2020-05-01,forecast,-1.32480605164349,x_vol_world2,2020-06-01
2020-06-01,forecast,-11.0021607560683,x_vol_world2,2020-06-01
2020-07-01,forecast,-15.8359422972805,x_vol_world2,2020-06-01
2020-08-01,forecast,-10.0253104782664,x_vol_world2,2020-06-01
2020-08-07,forecast,-9.64837747270945,x_vol_world2,2020-06-01
2020-08-16,forecast,-8.32286830472376,x_vol_world2,2020-06-01
2020-08-25,forecast,-8.33219484938534,x_vol_world2,2020-06-01
2020-09-01,forecast,-7.91070564256557,x_vol_world2,2020-06-01
2020-09-08,forecast,-7.94245404328973,x_vol_world2,2020-06-01
2020-09-15,forecast,-7.95325701943736,x_vol_world2,2020-06-01
2020-04-01,impact_revisions,0,x_vol_world2,2020-06-01
2020-05-01,impact_revisions,0,x_vol_world2,2020-06-01
2020-06-01,impact_revisions,0,x_vol_world2,2020-06-01
2020-07-01,impact_revisions,0,x_vol_world2,2020-06-01
2020-08-01,impact_revisions,0,x_vol_world2,2020-06-01
2020-08-07,impact_revisions,-0.012282460104973,x_vol_world2,2020-06-01
2020-08-16,impact_revisions,-0.053247118247933,x_vol_world2,2020-06-01
2020-08-25,impact_revisions,0.00867971820534,x_vol_world2,2020-06-01
2020-09-01,impact_revisions,0.001841043969902,x_vol_world2,2020-06-01
2020-09-08,impact_revisions,-0.00997721752606,x_vol_world2,2020-06-01
2020-09-15,impact_revisions,0,x_vol_world2,2020-06-01
2020-04-01,bci_nl,-0.008680350982139,x_vol_world2,2020-06-01
2020-05-01,bci_nl,-0.026725942309144,x_vol_world2,2020-06-01
2020-06-01,bci_nl,-0.031334908149364,x_vol_world2,2020-06-01
2020-07-01,bci_nl,0.00245514393004,x_vol_world2,2020-06-01
2020-08-01,bci_nl,0.006188284413961,x_vol_world2,2020-06-01
2020-08-07,bci_nl,0.001323689839683,x_vol_world2,2020-06-01
2020-08-16,bci_nl,NA,x_vol_world2,2020-06-01
2020-08-25,bci_nl,NA,x_vol_world2,2020-06-01
2020-09-01,bci_nl,NA,x_vol_world2,2020-06-01
2020-09-08,bci_nl,9.70283303072795E-05,x_vol_world2,2020-06-01
2020-09-15,bci_nl,NA,x_vol_world2,2020-06-01
2020-04-01,x_vol_jp,-0.032981590418968,x_vol_world2,2020-06-01
2020-05-01,x_vol_jp,0.065582569364674,x_vol_world2,2020-06-01
2020-06-01,x_vol_jp,-0.059038931980545,x_vol_world2,2020-06-01
2020-07-01,x_vol_jp,-0.119797876307038,x_vol_world2,2020-06-01
2020-08-01,x_vol_jp,0.143968749267868,x_vol_world2,2020-06-01
2020-08-07,x_vol_jp,NA,x_vol_world2,2020-06-01
2020-08-16,x_vol_jp,NA,x_vol_world2,2020-06-01
2020-08-25,x_vol_jp,NA,x_vol_world2,2020-06-01
2020-09-01,x_vol_jp,-0.118087973807535,x_vol_world2,2020-06-01
2020-09-08,x_vol_jp,NA,x_vol_world2,2020-06-01
2020-09-15,x_vol_jp,NA,x_vol_world2,2020-06-01
2020-04-01,x_jp,0.259349663078531,x_vol_world2,2020-06-01
2020-05-01,x_jp,-0.24347838777558,x_vol_world2,2020-06-01
2020-06-01,x_jp,-0.966778083595374,x_vol_world2,2020-06-01
2020-07-01,x_jp,0.251411025687237,x_vol_world2,2020-06-01
2020-08-01,x_jp,0.242233417913248,x_vol_world2,2020-06-01
2020-08-07,x_jp,NA,x_vol_world2,2020-06-01
2020-08-16,x_jp,NA,x_vol_world2,2020-06-01
2020-08-25,x_jp,-0.016541969865241,x_vol_world2,2020-06-01
2020-09-01,x_jp,NA,x_vol_world2,2020-06-01
2020-09-08,x_jp,NA,x_vol_world2,2020-06-01
2020-09-15,x_jp,NA,x_vol_world2,2020-06-01
2020-04-01,manuf_ba_conf_pl,-0.022025825600936,x_vol_world2,2020-06-01
2020-05-01,manuf_ba_conf_pl,-0.834174181793988,x_vol_world2,2020-06-01
2020-06-01,manuf_ba_conf_pl,-4.69530797459306,x_vol_world2,2020-06-01
2020-07-01,manuf_ba_conf_pl,0.614484369255295,x_vol_world2,2020-06-01
2020-08-01,manuf_ba_conf_pl,0.616251314847459,x_vol_world2,2020-06-01
2020-08-07,manuf_ba_conf_pl,0.116826716161107,x_vol_world2,2020-06-01
2020-08-16,manuf_ba_conf_pl,NA,x_vol_world2,2020-06-01
2020-08-25,manuf_ba_conf_pl,NA,x_vol_world2,2020-06-01
2020-09-01,manuf_ba_conf_pl,0.003866094565135,x_vol_world2,2020-06-01
2020-09-08,manuf_ba_conf_pl,NA,x_vol_world2,2020-06-01
2020-09-15,manuf_ba_conf_pl,NA,x_vol_world2,2020-06-01
2020-04-01,manuf_orders_nl,-0.040824664050105,x_vol_world2,2020-06-01
2020-05-01,manuf_orders_nl,0.03869231895415,x_vol_world2,2020-06-01
2020-06-01,manuf_orders_nl,0.111107035763615,x_vol_world2,2020-06-01
2020-07-01,manuf_orders_nl,-0.676927493579671,x_vol_world2,2020-06-01
2020-08-01,manuf_orders_nl,-0.121020146911795,x_vol_world2,2020-06-01
2020-08-07,manuf_orders_nl,0.041626380802185,x_vol_world2,2020-06-01
2020-08-16,manuf_orders_nl,NA,x_vol_world2,2020-06-01
2020-08-25,manuf_orders_nl,-0.023185495933526,x_vol_world2,2020-06-01
2020-09-01,manuf_orders_nl,0.006804505723631,x_vol_world2,2020-06-01
2020-09-08,manuf_orders_nl,NA,x_vol_world2,2020-06-01
2020-09-15,manuf_orders_nl,NA,x_vol_world2,2020-06-01
2020-04-01,ipi_mx,0.024625807253673,x_vol_world2,2020-06-01
2020-05-01,ipi_mx,-0.021835305469978,x_vol_world2,2020-06-01
2020-06-01,ipi_mx,-0.283574063652697,x_vol_world2,2020-06-01
2020-07-01,ipi_mx,-2.37637598844719,x_vol_world2,2020-06-01
2020-08-01,ipi_mx,-0.272192910807468,x_vol_world2,2020-06-01
2020-08-07,ipi_mx,NA,x_vol_world2,2020-06-01
2020-08-16,ipi_mx,1,x_vol_world2,2020-06-01
2020-08-25,ipi_mx,NA,x_vol_world2,2020-06-01
2020-09-01,ipi_mx,NA,x_vol_world2,2020-06-01
2020-09-08,ipi_mx,NA,x_vol_world2,2020-06-01
2020-09-15,ipi_mx,NA,x_vol_world2,2020-06-01
2020-04-01,manuf_orders_us_2,0.044943655753495,x_vol_world2,2020-06-01
2020-05-01,manuf_orders_us_2,-0.011837852391775,x_vol_world2,2020-06-01
2020-06-01,manuf_orders_us_2,-0.588933774506977,x_vol_world2,2020-06-01
2020-07-01,manuf_orders_us_2,-0.481464117842583,x_vol_world2,2020-06-01
2020-08-01,manuf_orders_us_2,0.630710635677985,x_vol_world2,2020-06-01
2020-08-07,manuf_orders_us_2,0.283662511066972,x_vol_world2,2020-06-01
2020-08-16,manuf_orders_us_2,NA,x_vol_world2,2020-06-01
2020-08-25,manuf_orders_us_2,NA,x_vol_world2,2020-06-01
2020-09-01,manuf_orders_us_2,NA,x_vol_world2,2020-06-01
2020-09-08,manuf_orders_us_2,0.008048947042615,x_vol_world2,2020-06-01
2020-09-15,manuf_orders_us_2,NA,x_vol_world2,2020-06-01
2020-04-01,container_index,0.013122651453552,x_vol_world2,2020-06-01
2020-05-01,container_index,-0.364193468931721,x_vol_world2,2020-06-01
2020-06-01,container_index,0.182413181069431,x_vol_world2,2020-06-01
2020-07-01,container_index,0.417715655719255,x_vol_world2,2020-06-01
2020-08-01,container_index,0.236568755041511,x_vol_world2,2020-06-01
2020-08-07,container_index,0.082401237443951,x_vol_world2,2020-06-01
2020-08-16,container_index,NA,x_vol_world2,2020-06-01
2020-08-25,container_index,NA,x_vol_world2,2020-06-01
2020-09-01,container_index,0.031518150184554,x_vol_world2,2020-06-01
2020-09-08,container_index,NA,x_vol_world2,2020-06-01
2020-09-15,container_index,NA,x_vol_world2,2020-06-01
2020-04-01,x_vol_ema,-0.055675139382908,x_vol_world2,2020-06-01
2020-05-01,x_vol_ema,0.027118663447464,x_vol_world2,2020-06-01
2020-06-01,x_vol_ema,0.07639524680732,x_vol_world2,2020-06-01
2020-07-01,x_vol_ema,0.03061030996008,x_vol_world2,2020-06-01
2020-08-01,x_vol_ema,0.413472619889029,x_vol_world2,2020-06-01
2020-08-07,x_vol_ema,NA,x_vol_world2,2020-06-01
2020-08-16,x_vol_ema,NA,x_vol_world2,2020-06-01
2020-08-25,x_vol_ema,NA,x_vol_world2,2020-06-01
2020-09-01,x_vol_ema,-0.039493777822887,x_vol_world2,2020-06-01
2020-09-08,x_vol_ema,NA,x_vol_world2,2020-06-01
2020-09-15,x_vol_ema,NA,x_vol_world2,2020-06-01
2020-04-01,rti_val_us,0.040362690558293,x_vol_world2,2020-06-01
2020-05-01,rti_val_us,-0.040232175260555,x_vol_world2,2020-06-01
2020-06-01,rti_val_us,-0.511183028971001,x_vol_world2,2020-06-01
2020-07-01,rti_val_us,-1.16824748009082,x_vol_world2,2020-06-01
2020-08-01,rti_val_us,1.36270028090228,x_vol_world2,2020-06-01
2020-08-07,rti_val_us,NA,x_vol_world2,2020-06-01
2020-08-16,rti_val_us,NA,x_vol_world2,2020-06-01
2020-08-25,rti_val_us,NA,x_vol_world2,2020-06-01
2020-09-01,rti_val_us,0.290660206221459,x_vol_world2,2020-06-01
2020-09-08,rti_val_us,NA,x_vol_world2,2020-06-01
2020-09-15,rti_val_us,NA,x_vol_world2,2020-06-01
2020-04-01,x_it,0.04198449100517,x_vol_world2,2020-06-01
2020-05-01,x_it,-0.01501300849101,x_vol_world2,2020-06-01
2020-06-01,x_it,-0.417543488514202,x_vol_world2,2020-06-01
2020-07-01,x_it,-0.786536414957408,x_vol_world2,2020-06-01
2020-08-01,x_it,0.55106298482715,x_vol_world2,2020-06-01
2020-08-07,x_it,NA,x_vol_world2,2020-06-01
2020-08-16,x_it,0.347756908590417,x_vol_world2,2020-06-01
2020-08-25,x_it,NA,x_vol_world2,2020-06-01
2020-09-01,x_it,NA,x_vol_world2,2020-06-01
2020-09-08,x_it,NA,x_vol_world2,2020-06-01
2020-09-15,x_it,NA,x_vol_world2,2020-06-01
2020-04-01,container_sg,-0.124852714980886,x_vol_world2,2020-06-01
2020-05-01,container_sg,-0.058112315754252,x_vol_world2,2020-06-01
2020-06-01,container_sg,-0.599324756526998,x_vol_world2,2020-06-01
2020-07-01,container_sg,-0.052756008686601,x_vol_world2,2020-06-01
2020-08-01,container_sg,0.188180485173225,x_vol_world2,2020-06-01
2020-08-07,container_sg,NA,x_vol_world2,2020-06-01
2020-08-16,container_sg,-0.009367345488134,x_vol_world2,2020-06-01
2020-08-25,container_sg,NA,x_vol_world2,2020-06-01
2020-09-01,container_sg,NA,x_vol_world2,2020-06-01
2020-09-08,container_sg,NA,x_vol_world2,2020-06-01
2020-09-15,container_sg,NA,x_vol_world2,2020-06-01
2020-04-01,x_kr,0.179487188930907,x_vol_world2,2020-06-01
2020-05-01,x_kr,-0.10708736566697,x_vol_world2,2020-06-01
2020-06-01,x_kr,-1.34590598105992,x_vol_world2,2020-06-01
2020-07-01,x_kr,0.52431649758663,x_vol_world2,2020-06-01
2020-08-01,x_kr,0.536463849338703,x_vol_world2,2020-06-01
2020-08-07,x_kr,NA,x_vol_world2,2020-06-01
2020-08-16,x_kr,NA,x_vol_world2,2020-06-01
2020-08-25,x_kr,-0.026434125051372,x_vol_world2,2020-06-01
2020-09-01,x_kr,NA,x_vol_world2,2020-06-01
2020-09-08,x_kr,NA,x_vol_world2,2020-06-01
2020-09-15,x_kr,-0.010802976147628,x_vol_world2,2020-06-01
2020-04-01,rti_vol_us,0.028982372141778,x_vol_world2,2020-06-01
2020-05-01,rti_vol_us,-0.02832364436293,x_vol_world2,2020-06-01
2020-06-01,rti_vol_us,-0.373775117880044,x_vol_world2,2020-06-01
2020-07-01,rti_vol_us,-0.934247949014,x_vol_world2,2020-06-01
2020-08-01,rti_vol_us,1.05162315764836,x_vol_world2,2020-06-01
2020-08-07,rti_vol_us,NA,x_vol_world2,2020-06-01
2020-08-16,rti_vol_us,NA,x_vol_world2,2020-06-01
2020-08-25,rti_vol_us,NA,x_vol_world2,2020-06-01
2020-09-01,rti_vol_us,0.244380957785518,x_vol_world2,2020-06-01
2020-09-08,rti_vol_us,NA,x_vol_world2,2020-06-01
2020-09-15,rti_vol_us,NA,x_vol_world2,2020-06-01
2020-04-01,x_servs_jp,-0.02807565817443,x_vol_world2,2020-06-01
2020-05-01,x_servs_jp,-0.163796993922278,x_vol_world2,2020-06-01
2020-06-01,x_servs_jp,-0.174570058635055,x_vol_world2,2020-06-01
2020-07-01,x_servs_jp,-0.07842121442545,x_vol_world2,2020-06-01
2020-08-01,x_servs_jp,0.156640878532044,x_vol_world2,2020-06-01
2020-08-07,x_servs_jp,NA,x_vol_world2,2020-06-01
2020-08-16,x_servs_jp,0.001240009616797,x_vol_world2,2020-06-01
2020-08-25,x_servs_jp,NA,x_vol_world2,2020-06-01
2020-09-01,x_servs_jp,NA,x_vol_world2,2020-06-01
2020-09-08,x_servs_jp,-0.02991715857103,x_vol_world2,2020-06-01
2020-09-15,x_servs_jp,NA,x_vol_world2,2020-06-01
2020-04-01,x_vol_world2,NA,x_vol_world2,2020-06-01
2020-05-01,x_vol_world2,-4.40886893614442E-05,x_vol_world2,2020-06-01
2020-06-01,x_vol_world2,NA,x_vol_world2,2020-06-01
2020-07-01,x_vol_world2,NA,x_vol_world2,2020-06-01
2020-08-01,x_vol_world2,0.062679829714758,x_vol_world2,2020-06-01
2020-08-07,x_vol_world2,NA,x_vol_world2,2020-06-01
2020-08-16,x_vol_world2,NA,x_vol_world2,2020-06-01
2020-08-25,x_vol_world2,0.043491929567553,x_vol_world2,2020-06-01
2020-09-01,x_vol_world2,NA,x_vol_world2,2020-06-01
2020-09-08,x_vol_world2,NA,x_vol_world2,2020-06-01
2020-09-15,x_vol_world2,NA,x_vol_world2,2020-06-01
2020-04-01,x_world,NA,x_vol_world2,2020-06-01
2020-05-01,x_world,0.000296413294814,x_vol_world2,2020-06-01
2020-06-01,x_world,NA,x_vol_world2,2020-06-01
2020-07-01,x_world,NA,x_vol_world2,2020-06-01
2020-08-01,x_world,0.005099633545807,x_vol_world2,2020-06-01
2020-08-07,x_world,NA,x_vol_world2,2020-06-01
2020-08-16,x_world,NA,x_vol_world2,2020-06-01
2020-08-25,x_world,0.004663398415653,x_vol_world2,2020-06-01
2020-09-01,x_world,NA,x_vol_world2,2020-06-01
2020-09-08,x_world,NA,x_vol_world2,2020-06-01
2020-09-15,x_world,NA,x_vol_world2,2020-06-01
